,City_ID,City,Country,Lat,Lng,Max Temp,Humidity,Cloudiness,Wind Speed,Current Description,Hotel Name
0,0,Saint-Pierre,RE,-21.3393,55.4781,78.91,61,0,18.41,clear sky,Alize Plage
2,2,Port Alfred,ZA,-33.5906,26.891,70.57,80,100,7.52,overcast clouds,The Halyards Hotel
3,3,Hithadhoo,MV,-0.6,73.0833,80.8,71,97,9.06,overcast clouds,Scoop Guest House
6,6,Iguape,BR,-24.7081,-47.5553,66.88,95,27,3.62,scattered clouds,Hotel Pousada Nossa Senhora do Carmo
11,11,Yanam,IN,16.7333,82.2167,87.33,65,80,5.19,broken clouds,The Regency Hotel
12,12,Niquero,CU,20.0431,-77.5828,77.31,87,37,10.71,scattered clouds,Islazul Niquero
14,14,Mahebourg,MU,-20.4081,57.7,73.69,73,40,5.75,scattered clouds,Shandrani Beachcomber Resort & Spa
17,17,Beruwala,LK,6.4788,79.9828,77.05,89,71,9.37,broken clouds,The Palms Hotel
22,22,Bukama,CD,-9.2,25.85,72.41,82,21,1.7,few clouds,
23,23,Orocue,CO,4.7912,-71.3354,74.07,93,98,4.72,overcast clouds,Hotel Brisas de San Miguel
26,26,Sao Filipe,CV,14.8961,-24.4956,77.72,76,73,8.79,broken clouds,Hotel Xaguate
27,27,Banda Aceh,ID,5.5577,95.3222,85.14,65,98,15.23,light rain,OYO 884 Rumoh PMI Hotel
29,29,Marsa Matruh,EG,31.3525,27.2453,71.58,69,34,17.0,light rain,Beau Site
30,30,Fez,MA,34.0372,-4.9998,82.65,22,0,18.41,clear sky,Hotel Mounia F√®s
31,31,East London,ZA,-33.0153,27.9116,65.34,94,100,6.91,fog,Tu Casa
33,33,Aswan,EG,24.0934,32.907,77.22,33,23,13.91,few clouds,Nuba Nile
34,34,Mitu,CO,1.1983,-70.1733,69.66,100,98,1.72,overcast clouds,
35,35,Jacareacanga,BR,-6.2222,-57.7528,74.52,87,60,1.9,broken clouds,Casa do Ianüòé
36,36,Cayenne,GF,4.9333,-52.3333,73.44,94,0,0.0,clear sky,H√¥tel Le Dronmi
37,37,Mitsamiouli,KM,-11.3847,43.2844,76.23,76,1,10.18,clear sky,Foyer ADM
41,41,San-Pedro,CI,4.7485,-6.6363,72.97,95,95,4.36,light rain,Hotel Maria
42,42,Palmas,BR,-10.2128,-48.3603,82.27,54,40,2.3,scattered clouds,Hotel Lago da Palma
43,43,Bardiyah,LY,31.7561,25.0865,70.32,68,15,14.18,few clouds,ÿ®Ÿàÿ±ÿ™Ÿà ÿ®ÿ±ÿØŸäÿ©
44,44,Kochinda,IN,21.7333,84.35,85.96,68,6,3.58,clear sky,OYO 88952 Hotel Royal Galaxy
45,45,Port Elizabeth,ZA,-33.918,25.5701,70.32,90,0,6.91,clear sky,39 On Nile Guest House
47,47,Plettenberg Bay,ZA,-34.0527,23.3716,65.35,86,41,4.83,light rain,Thanda Vista B&B
48,48,Aneho,TG,6.2333,1.6,76.1,87,100,1.16,light rain,Hotel La Linette
50,50,Oistins,BB,13.0667,-59.5333,80.69,78,20,11.5,few clouds,Butterfly Beach Hotel
54,54,Beloha,MG,-25.1667,45.05,77.45,56,0,2.62,clear sky,
55,55,Salalah,OM,17.0151,54.0924,86.09,32,20,0.0,few clouds,"HAMDAN PLAZA HOTEL SALALAH, an HTG Hotel"
57,57,Attur,IN,11.6,78.6167,82.99,75,100,6.15,overcast clouds,Sundaresan CSC centre
58,58,Victoria,HK,22.2855,114.1577,84.38,46,100,20.0,overcast clouds,Mini Central
62,62,Tiznit,MA,29.5833,-9.5,72.03,47,2,7.58,light rain,
64,64,Hwange,ZW,-18.3693,26.5019,75.49,34,61,7.18,broken clouds,Hwange Colliery Guest House
65,65,Saint George,US,37.1041,-113.5841,68.59,35,0,5.75,clear sky,Best Western Plus Abbey Inn
67,67,Hambantota,LK,6.1241,81.1185,81.03,76,100,16.31,overcast clouds,Bungalow 63
68,68,Atar,MR,20.5169,-13.0499,86.07,28,73,8.95,broken clouds,Oumou Elghoura
69,69,Edea,CM,3.8,10.1333,73.65,99,100,1.05,light rain,Micotel Hotel
70,70,Puerto Leguizamo,CO,-0.1934,-74.7819,68.94,95,99,0.51,overcast clouds,la casona de juancho
71,71,Rafai,CF,4.95,23.9167,67.01,99,100,1.97,moderate rain,
73,73,Leticia,CO,-4.2153,-69.9406,69.85,100,75,0.0,broken clouds,Hotel Amazon Bed and Breakfast / Hotel Amazon B&B
74,74,Souillac,MU,-20.5167,57.5167,73.78,73,40,5.75,light rain,Shanti Maurice Resort & Spa
75,75,Aquin,HT,18.2833,-73.4,77.27,84,4,3.2,clear sky,Asheev Beach
76,76,Jutai,BR,-5.1833,-68.9,71.47,99,86,1.66,overcast clouds,
80,80,Yei,SS,4.095,30.6779,66.76,97,100,2.73,light rain,Twins Hotel Yei
81,81,Mogadishu,SO,2.0371,45.3438,79.41,78,57,11.54,broken clouds,Hotel Juba
83,83,Jizan,SA,17.3333,42.6667,86.94,50,0,1.79,clear sky,ÿ¥ŸáÿØÿßŸÜ. ÿßÿ®ŸàÿßŸÑÿ≠ÿ¨ÿ±
84,84,Porto Walter,BR,-8.2686,-72.7439,71.38,98,100,2.15,overcast clouds,Hotel Silva
86,86,Busselton,AU,-33.65,115.3333,65.7,51,63,10.02,broken clouds,Observatory Guest House
88,88,Salamiyah,SY,35.0113,37.0532,70.45,50,1,1.66,clear sky,Gondolas Forum grandchildren and grandparents
89,89,Saint-Joseph,RE,-21.3667,55.6167,75.58,71,9,10.49,clear sky,"""Plantation Bed and Breakfast"
90,90,Puerto Del Rosario,ES,28.5004,-13.8627,67.75,83,20,4.61,few clouds,Hotel JM Puerto del Rosario
91,91,Guarapari,BR,-20.6667,-40.4975,67.89,88,46,6.13,scattered clouds,Hotel Porto do Sol
92,92,Kukuna,SL,9.4,-12.6667,72.19,98,99,1.83,light rain,
95,95,Bilma,NE,18.6853,12.9164,74.14,33,0,12.73,clear sky,Expeditions T√©n√©re voyages
99,99,Georgetown,MY,5.4112,100.3354,89.53,71,20,5.75,few clouds,Cititel Penang
101,101,Palma,ES,39.5694,2.6502,69.21,87,20,5.75,few clouds,Hotel Saratoga
103,103,Marsh Harbour,BS,26.5412,-77.0636,79.23,67,2,12.55,clear sky,Abaco Beach Resort
104,104,Birao,CF,10.2849,22.7882,71.29,71,98,4.07,overcast clouds,
105,105,Sokoni,TZ,-6.4333,39.55,76.71,79,30,8.12,scattered clouds,Ujamaa Beach Resort
106,106,Jibuti,DJ,11.5,42.5,79.5,58,15,18.81,few clouds,Orchid Main Camp Goubet
108,108,Boda,CF,4.3189,17.4695,66.33,93,99,1.52,overcast clouds,
111,111,Sur,OM,22.5667,59.5289,84.56,31,78,6.06,broken clouds,Sur Plaza Hotel
112,112,Touros,BR,-5.1989,-35.4608,76.71,81,95,14.61,overcast clouds,INN NEW HORIZON
113,113,Inhambane,MZ,-23.865,35.3833,78.78,78,40,4.61,scattered clouds,Oceano
114,114,Barcelos,PT,41.5388,-8.6151,65.91,89,99,5.48,overcast clouds,Hotel Do Ter√ßo
117,117,Mahibadhoo,MV,3.7833,72.9667,81.57,76,100,18.43,overcast clouds,Omadhoo Inn
118,118,Shahapur,IN,19.45,73.3333,82.8,75,86,3.6,overcast clouds,OYO 68690 Hotel New Food Hub
119,119,Loiza,PR,18.4313,-65.8802,80.58,83,20,0.0,few clouds,Vacation Realty
120,120,Mandera,KE,3.9366,41.867,79.38,66,96,11.88,overcast clouds,Red Sea Resort & Suites Mandera County
121,121,Quatre Cocos,MU,-20.2078,57.7625,73.51,76,87,14.14,light rain,Sunrise Attitude Hotel
122,122,Cockburn Town,TC,21.4612,-71.1419,81.09,75,21,8.08,few clouds,Osprey Beach Hotel
129,129,Ponta Do Sol,PT,32.6667,-17.1,70.72,70,60,5.26,broken clouds,Hotel do Campo
131,131,Omboue,GA,-1.5746,9.2618,74.16,95,37,3.94,scattered clouds,Hotel Olako
132,132,Dharan,NP,26.8125,87.2835,81.41,47,0,3.53,clear sky,Hotel Kanchanjunga
133,133,Robertsport,LR,6.7533,-11.3686,76.17,86,94,4.0,overcast clouds,Kwepunha Retreat
134,134,San Andres,CO,12.5847,-81.7006,82.42,78,40,6.91,scattered clouds,Hotel Arena Blanca
135,135,Planaltina,BR,-15.4528,-47.6142,66.74,42,7,4.12,clear sky,Afrodite Motel Planaltina GO
137,137,Marabba,SD,12.35,32.1833,81.61,62,54,9.42,broken clouds,
139,139,Bara,NG,10.3744,10.7288,71.22,77,37,4.23,scattered clouds,
142,142,Saint-Philippe,RE,-21.3585,55.7679,76.59,77,12,9.71,few clouds,Le four √† pain
143,143,Barra Do Garcas,BR,-15.89,-52.2567,75.7,31,3,0.72,clear sky,Pousada Tropical
144,144,Namibe,AO,-15.1961,12.1522,67.87,85,95,6.2,overcast clouds,Hotel Chik Chik Namibe
145,145,Dingle,PH,10.9995,122.6711,85.59,72,89,11.74,overcast clouds,SEGAYA PROPERTY
146,146,Shihezi,CN,44.3,86.0333,65.39,15,31,5.5,scattered clouds,Home Inn Shihezi Dongwu Road Century Square
147,147,Bandarbeyla,SO,9.4942,50.8122,79.54,74,6,2.77,clear sky,JABIR HOTEL
148,148,Misratah,LY,32.3754,15.0925,71.98,62,77,6.91,broken clouds,Almasa Hotel
149,149,Mopipi,BW,-21.1833,24.8833,72.25,49,97,15.59,overcast clouds,
150,150,Morros,BR,-9.4467,-46.3003,76.71,35,34,3.58,scattered clouds,
152,152,Belmonte,BR,-15.8631,-38.8828,71.29,89,20,3.44,few clouds,Pousada Monte Carmelo O P√£o
155,155,Port Said,EG,31.2565,32.2841,71.58,83,0,16.11,clear sky,Aracan Hotel
157,157,Lardos,GR,36.0942,28.0157,72.95,71,14,5.57,few clouds,Lindos Princess Beach Hotel
159,159,Bambous Virieux,MU,-20.3428,57.7575,73.65,73,40,5.75,light rain,Casa Tia Villa
162,162,Axim,GH,4.8699,-2.2405,75.4,88,75,1.79,light rain,Axim Beach Resort And Spa
164,164,Muisne,EC,0.6,-80.0333,73.29,85,100,9.04,overcast clouds,Quinta Samay
165,165,Novita,CO,4.9551,-76.6053,73.6,99,100,1.57,overcast clouds,B/ Buenos Aires Sector Las Curvitas
169,169,Caravelas,BR,-17.7125,-39.2481,73.53,82,72,6.44,broken clouds,Pousada dos Navegantes
170,170,Nalut,LY,30.3333,10.85,65.68,59,77,9.26,broken clouds,
176,176,Conceicao Do Araguaia,BR,-8.2578,-49.2647,76.33,59,30,4.63,scattered clouds,Tarum√£ Tropical Hotel
177,177,Morant Bay,JM,17.8815,-76.4093,82.02,80,0,5.55,clear sky,Whispering Bamboo Cove Resort
180,180,Gamba,GA,-2.65,10.0,74.34,94,86,4.29,overcast clouds,
181,181,Abu Samrah,SY,35.3029,37.1841,70.48,43,0,3.36,clear sky,
182,182,Chiredzi,ZW,-21.05,31.6667,71.74,73,54,11.99,broken clouds,Clevers Hotel Chiredzi
184,184,Alibag,IN,18.6411,72.8792,89.67,70,82,5.39,broken clouds,"Radisson Blu Resort & Spa - Alibaug, India"
185,185,Arraial Do Cabo,BR,-22.9661,-42.0278,70.23,90,99,21.03,overcast clouds,Pousada Porto Praia
186,186,Rocky Mount,US,35.9382,-77.7905,67.78,68,100,5.75,overcast clouds,Days Inn & Suites by Wyndham Rocky Mount Golden East
187,187,Mabaruma,GY,8.2,-59.7833,73.33,98,96,1.7,overcast clouds,Monty Brooms Guest House
188,188,Manakara,MG,-22.1333,48.0167,74.16,66,2,6.13,clear sky,La Residence Manakara
189,189,Abu Kamal,SY,34.4506,40.9171,81.28,18,94,4.68,overcast clouds,ÿßŸÑÿ®ŸàŸÉŸÖÿßŸÑ
190,190,Yenagoa,NG,4.9247,6.2642,73.53,91,98,1.32,overcast clouds,Aridolf Resort Wellness and Spa
191,191,Tessalit,ML,20.1986,1.0114,78.33,19,8,12.59,clear sky,
192,192,Cascais,PT,38.6979,-9.4215,67.51,89,59,11.99,broken clouds,Hotel Vila Gal√© Cascais
193,193,Ati,TD,13.2154,18.3353,83.12,21,65,6.55,broken clouds,
197,197,Tabou,CI,4.423,-7.3528,74.82,89,71,3.18,broken clouds,hot√™l doufoulougou
198,198,Warnes,BO,-17.5,-63.1667,75.69,78,75,3.44,broken clouds,Tokame Motel
202,202,Pirgos,GR,35.1167,25.7178,66.61,71,49,22.55,scattered clouds,Elpida Village
209,209,Porto Novo,BJ,6.4965,2.6036,78.62,88,99,1.32,overcast clouds,Tour Eiffel Hotel Benin
211,211,Mossendjo,CG,-2.9506,12.7261,67.69,100,64,1.77,broken clouds,HOTEL D'ASSISE
214,214,Kalengwa,ZM,-13.4659,25.0027,66.27,32,6,5.23,clear sky,
215,215,Mahajanga,MG,-15.7167,46.3167,84.22,54,40,8.05,scattered clouds,H√¥tel Restaurant Gourmand Coco Lodge Majunga
216,216,Idah,NG,7.1065,6.7342,72.99,94,92,2.37,overcast clouds,Ubiga Hotel Idah
217,217,Macenta,GN,8.5435,-9.471,65.95,100,97,0.54,overcast clouds,H√¥tel Yansan√©
218,218,Kudahuvadhoo,MV,2.6708,72.8944,81.14,72,100,16.87,overcast clouds,Niyama Private Islands Maldives
221,221,Iralaya,HN,15.0,-83.2333,79.21,80,89,6.22,overcast clouds,Iglesia morava renovada
223,223,Yangambi,CD,0.8102,24.4336,68.86,95,99,0.83,overcast clouds,
224,224,Gazojak,TM,41.1875,61.4036,66.96,39,51,14.09,broken clouds,
225,225,Kavaratti,IN,10.5669,72.642,81.37,74,96,0.4,overcast clouds,Green leaf
228,228,Touba,CI,8.2833,-7.6833,67.6,97,45,2.42,scattered clouds,Hotel de L'Amiti√© Vraie
230,230,Mayumba,GA,-3.432,10.6554,75.36,90,99,3.76,overcast clouds,LIKWALE LODGE
233,233,Seidu,SL,9.0167,-10.6,66.74,99,99,0.25,overcast clouds,
234,234,Labrea,BR,-7.2586,-64.7981,72.72,99,99,1.68,light rain,Hotel Novo Horizonte
239,239,Prado,BR,-17.3411,-39.2208,71.71,88,55,5.86,broken clouds,INN CORNER RIVER - PRADO - BAHIA - HOUSING AND HOTEL
240,240,Jardim,BR,-21.4803,-56.1381,69.71,95,44,3.29,scattered clouds,Estancia Hotel - Jardim MS
241,241,Upata,VE,8.0086,-62.3989,75.2,96,56,3.06,broken clouds,Posada Villa Nela
242,242,Lagos,NG,6.5833,3.75,77.32,95,100,2.21,overcast clouds,
243,243,Marovoay,MG,-16.1,46.6333,80.44,51,0,7.23,clear sky,H√¥tel les Oliviers Marovoay
247,247,Durban,ZA,-29.8579,31.0292,67.93,95,83,10.45,broken clouds,Hilton Durban
248,248,Kintampo,GH,8.0563,-1.7306,71.67,84,9,2.26,clear sky,Adomaa Memorial Hotel
249,249,Sakakah,SA,29.9697,40.2064,72.97,18,8,5.23,clear sky,Fakhamat Al Orjoana Apartment
251,251,Angoche,MZ,-16.2325,39.9086,78.15,68,0,0.51,clear sky,Guest House HESADA
252,252,Rawah,IQ,34.4816,41.9093,79.25,18,54,8.08,broken clouds,ÿπŸÖÿ±
254,254,Chake Chake,TZ,-5.2459,39.7666,78.42,74,60,8.55,broken clouds,Pemba Sea View Hotel
255,255,Carutapera,BR,-1.195,-46.02,78.71,80,6,7.99,clear sky,Lidera
257,257,Barreirinhas,BR,-2.7469,-42.8264,78.22,81,1,10.38,clear sky,Gran Len√ß√≥is Flat Residence
261,261,Kidal,ML,18.4411,1.4078,77.95,18,22,11.7,few clouds,
262,262,Panaba,MX,21.2833,-88.2667,75.04,94,4,5.82,clear sky,Hotel Don Fernando
265,265,Sainte-Marie,RE,-20.8968,55.5496,78.93,61,75,19.57,broken clouds,Les pailles en queue de Sainte Marie
266,266,Kabalo,CD,-6.05,26.9167,70.54,91,100,2.89,overcast clouds,
267,267,Saint-Georges,GD,12.0564,-61.7485,78.48,89,20,9.22,few clouds,Radisson Grenada Beach Resort
268,268,Bouna,CI,9.2667,-3.0,71.28,86,23,2.66,few clouds,H√¥tel lababa
271,271,Takoradi,GH,4.8845,-1.7554,75.38,89,69,2.84,light rain,Raybow International Hotel
272,272,Rincon,US,32.296,-81.2354,72.86,93,0,4.61,clear sky,Days Inn Rincon
274,274,Sao Paulo Do Potengi,BR,-5.895,-35.7628,75.31,89,81,8.84,broken clouds,Pousada Santa Clara
276,276,Mangrol,IN,21.1167,70.1167,85.89,43,17,12.19,few clouds,Hotel The Royal Honours
277,277,Grand Gaube,MU,-20.0064,57.6608,73.8,79,87,5.99,light rain,Veranda Paul et Virginie Hotel & Spa
278,278,Mint Hill,US,35.1796,-80.6473,65.8,70,75,8.05,broken clouds,Meadowbrook
280,280,Boa Vista,BR,2.8197,-60.6733,78.78,78,40,1.14,scattered clouds,Aipana Plaza Hotel
281,281,Arlit,NE,18.7369,7.3853,80.51,21,0,15.57,clear sky,Case de Passage De la Prefecture
282,282,Doha,QA,25.2867,51.5333,87.78,62,0,5.75,clear sky,M√∂venpick Doha
284,284,Adrar,MR,20.5022,-10.0711,84.85,22,8,2.46,clear sky,
285,285,Le Port,RE,-20.9373,55.2919,78.76,55,30,1.59,scattered clouds,KORBEY D'OR OUEST
288,288,Alindao,CF,5.0267,21.2088,69.19,98,99,1.74,moderate rain,OCHA Alindao
292,292,Mwene-Ditu,CD,-7.0,23.45,66.36,95,100,1.59,overcast clouds,African'zuri
294,294,Macapa,BR,0.0389,-51.0664,77.07,90,100,7.65,overcast clouds,Atalanta Hotel
295,295,Boende,CD,-0.2167,20.8667,69.46,98,100,2.37,overcast clouds,
297,297,Pombas,CV,17.1503,-25.0201,73.18,71,58,8.34,broken clouds,Paul Paradis
300,300,Bubaque,GW,11.2833,-15.8333,80.49,75,98,8.63,overcast clouds,"Casa Dora, Bubaque"
302,302,Nizwa,OM,22.9333,57.5333,84.6,16,100,0.49,overcast clouds,Orient Apartments
303,303,Bela Vista De Goias,BR,-16.9728,-48.9533,72.75,42,1,7.09,clear sky,Victoria Palace Hotel
305,305,Kharan,PK,28.5833,65.4167,81.21,7,0,2.75,clear sky,Dil Aram Bangla
308,308,Bayji,IQ,34.9311,43.487,82.54,15,68,5.53,broken clouds,ÿØÿßÿ± ÿßŸÑÿ∂ŸäÿßŸÅÿ©
309,309,Hargeysa,SO,9.56,44.065,68.04,71,16,7.0,few clouds,City Center Hotel
311,311,Baghdad,IQ,33.3406,44.4009,76.91,31,84,3.44,broken clouds,Baghdad Hotel
312,312,Kumluca,TR,36.3703,30.2869,70.38,60,66,7.45,broken clouds,Akkol Apart
313,313,Sao Jose Da Coroa Grande,BR,-8.8978,-35.1478,73.42,84,39,5.03,scattered clouds,Cr√¥a Mares Hotel
314,314,Garowe,SO,8.4054,48.4845,77.76,67,43,8.7,light rain,Curubo Hotel
317,317,Carnarvon,AU,-24.8667,113.6333,70.75,53,13,19.86,few clouds,Hospitality Carnarvon
321,321,Saint-Paul,RE,-21.0096,55.2707,78.89,63,37,1.23,scattered clouds,Boucan Canot
322,322,Damietta,EG,31.4165,31.8133,71.49,73,0,13.11,clear sky,SULIMAN INN
324,324,Pamplona,ES,42.8169,-1.6432,65.46,90,20,4.0,light intensity shower rain,Hotel Albret
325,325,Asfi,MA,32.2994,-9.2372,69.94,70,0,0.98,clear sky,H√¥tel Abda
326,326,Kasongo-Lunda,CD,-6.4667,16.8167,68.31,97,23,0.29,few clouds,
327,327,Benicarlo,ES,40.4165,0.4271,67.89,83,73,4.09,broken clouds,Hotel & Spa Pe√±√≠scola Plaza Suites
328,328,Nicoya,CR,10.1483,-85.452,73.81,96,100,0.85,overcast clouds,Las Cabinas Del Sue√±o
333,333,San Antonio,US,29.4241,-98.4936,78.53,73,75,13.8,broken clouds,Drury Plaza Hotel San Antonio Riverwalk
334,334,Mongu,ZM,-15.2484,23.1274,68.32,26,17,8.68,few clouds,Country Lodge Mongu
336,336,Gat,IL,31.61,34.7642,76.41,100,0,7.16,clear sky,OlusHome
338,338,Neyshabur,IR,36.2133,58.7958,71.76,18,11,2.51,few clouds,Amiran Hotel & Commercial Complex
342,342,Placido De Castro,BR,-10.3353,-67.1856,73.44,93,97,0.43,overcast clouds,Hotel Carioca
344,344,Trairi,BR,-3.2778,-39.2689,78.12,80,29,15.39,scattered clouds,janelas do mar
345,345,Santa Cruz,BO,-17.8,-63.1667,74.66,78,75,3.44,broken clouds,Aviador Hotel Boutique
347,347,Guadalajara,MX,20.6667,-103.3333,68.99,100,75,0.0,broken clouds,Hotel Aranzaz√∫
349,349,Vila Franca Do Campo,PT,37.7167,-25.4333,68.41,63,51,19.44,light rain,Pestana Bahia Praia
350,350,Gunjur,GM,13.2019,-16.7339,75.27,94,40,9.22,moderate rain,Jallo Kurundingoto Eco Tourist Camp
351,351,Fuente De Oro,CO,3.4594,-73.6128,69.94,96,81,1.54,broken clouds,Urbanizaci√≥n Casabrava
353,353,Itarema,BR,-2.9248,-39.9167,77.97,81,17,17.18,few clouds,"Sea Lounge! Bar, Club & Restaurant"
356,356,Taoudenni,ML,22.6783,-3.9836,85.35,16,100,12.44,overcast clouds,
359,359,Ratnagiri,IN,16.9833,73.3,82.8,75,98,3.96,overcast clouds,Hotel Landmark
361,361,Bathsheba,BB,13.2167,-59.5167,81.21,78,20,11.5,few clouds,Atlantis Hotel
363,363,Kapiri Mposhi,ZM,-13.9652,28.6809,69.94,38,2,9.35,clear sky,MA 22 LODGE
365,365,Santarem,BR,-2.4431,-54.7083,77.13,100,40,0.0,moderate rain,Hotel Imperador
367,367,Odweyne,SO,9.4092,45.064,74.08,63,83,2.98,broken clouds,Eng Hiirey House
368,368,Nouadhibou,MR,20.931,-17.0347,69.78,83,0,14.97,clear sky,El Medina
372,372,Santa Rosa,PH,14.3122,121.1114,85.1,70,91,12.97,light rain,Erlyn‚Äôs Sta Rosa City Home
375,375,Nova Aurora,BR,-22.8667,-52.5667,66.36,88,78,5.44,broken clouds,
378,378,Raga,SS,8.4596,25.678,69.51,92,100,3.13,overcast clouds,
379,379,Sao Joao Da Barra,BR,-21.6403,-41.0511,70.68,89,67,12.88,broken clouds,Pousada Porto De Canoas
387,387,Ugoofaaru,MV,5.6667,73.0,81.05,80,100,20.38,overcast clouds,Ungoofaaru Inn
388,388,Marawi,PH,7.9986,124.2928,83.93,54,98,4.09,overcast clouds,Derogongan Residence
391,391,Ambilobe,MG,-13.2,49.05,80.31,49,31,4.61,scattered clouds,H√¥tel & Restaurant DIANA Ambilobe
392,392,Urubicha,BO,-15.3833,-62.95,72.34,81,93,1.59,overcast clouds,
393,393,Rock Hill,US,34.9249,-81.0251,66.15,69,0,4.61,clear sky,DDCSVC
394,394,Gandajika,CD,-6.75,23.95,69.04,81,98,1.88,overcast clouds,H√¥tel Memorial
396,396,Khandbari,NP,27.3747,87.2039,78.58,38,0,3.56,clear sky,Sainik Hotel And Lodge
397,397,Camocim,BR,-2.9022,-40.8411,77.83,79,8,14.76,clear sky,Ilha Praia Hotel
398,398,Charagua,BO,-19.8,-63.2167,65.26,83,100,4.7,overcast clouds,Hotel
399,399,Cravo Norte,CO,6.3017,-70.2041,74.93,92,99,3.96,overcast clouds,Hotel Potos√≠ Los Mirtos
400,400,Amapa,BR,1.0,-52.0,70.27,100,98,0.27,overcast clouds,
403,403,Antsohihy,MG,-14.8796,47.9875,80.76,47,3,4.59,clear sky,Hotel de Ville
405,405,Tahta,EG,26.7693,31.5021,71.24,51,0,6.46,clear sky,ŸÅŸÜÿØŸÇ ÿßŸÑÿ≤Ÿäÿßÿ™
409,409,Jeremie,HT,18.65,-74.1167,79.88,80,15,3.67,few clouds,Auberge‚ÄôInn
410,410,Pontal Do Parana,BR,-25.6533,-48.5128,66.2,97,67,2.91,broken clouds,Eco Hostel Residencial Bananeiras
412,412,Entre Rios,BR,-11.9419,-38.0844,65.03,96,4,1.7,clear sky,Pousada Porteira
413,413,Manyana,BW,-23.4,21.7167,66.0,65,100,7.02,overcast clouds,
414,414,Ariquemes,BR,-9.9133,-63.0408,71.94,99,100,2.42,overcast clouds,Hotel Sol Nascente - Ariquemes - RO
415,415,Itamaraca,BR,-7.7478,-34.8256,77.05,84,72,8.55,broken clouds,Special K's Bed & Breakfast
417,417,Lyantonde,UG,-0.4031,31.1572,67.21,78,98,4.29,overcast clouds,Novella Hotel & Spa
421,421,Mudbidri,IN,13.0833,74.9833,83.82,70,40,3.44,scattered clouds,Hotel Navami Comforts
422,422,Mathathane,BW,-22.2687,28.7495,69.08,75,80,20.85,broken clouds,Selepswe Resort
424,424,Masunga,BW,-20.6246,27.4488,73.87,41,39,15.5,scattered clouds,
425,425,Esmeraldas,BR,-19.7625,-44.3139,66.51,64,6,4.41,clear sky,Forasteiro Pousada
426,426,Port Shepstone,ZA,-30.7414,30.455,70.05,80,96,13.69,overcast clouds,My Den Beachfront Bed and Breakfast | Self-Catering
427,427,Ascension,US,30.2169,-90.9001,72.07,94,0,0.0,mist,Highland Inn
428,428,Sao Gabriel Da Cachoeira,BR,-0.1303,-67.0892,71.62,98,99,1.21,overcast clouds,Alarne - √Årea De Lazer Do Alto Rio Negro
431,431,Areia Branca,BR,-4.9561,-37.1369,73.87,83,15,13.49,few clouds,Areia Branca Apart Hotel
434,434,Nisia Floresta,BR,-6.0911,-35.2086,76.01,89,86,7.27,overcast clouds,Rancho Crepusculo
435,435,Caucaia,BR,-3.7361,-38.6531,80.55,76,40,19.57,scattered clouds,M.O.S. Log√≠stica - Filial Fortaleza
436,436,Nanga Eboko,CM,4.6833,12.3667,67.73,97,54,0.67,broken clouds,Motel Papi Palace
439,439,Balkanabat,TM,39.5108,54.3671,72.57,38,59,3.06,broken clouds,Nebitchi Hotel
442,442,Kapoeta,SS,4.7717,33.5903,81.99,51,100,8.79,overcast clouds,Eastgate Hotel
446,446,Sangueya,GN,10.7,-14.3667,72.73,97,100,2.91,moderate rain,
449,449,Andros Town,BS,24.7,-77.7667,78.76,65,1,14.29,clear sky,Hanks place
450,450,Vila Velha,BR,-20.3297,-40.2925,67.95,93,20,2.3,few clouds,Hotel Vit√≥ria Palace
451,451,Mufulira,ZM,-12.5498,28.2407,75.49,29,3,11.05,clear sky,Kamiria lodge
452,452,Cabedelo,BR,-6.9811,-34.8339,74.07,83,63,11.18,broken clouds,Pousada Camboinha
453,453,Alto Araguaia,BR,-17.3147,-53.2153,76.95,34,53,2.51,broken clouds,Araguaia Palace Hotel
455,455,Beira,MZ,-19.8436,34.8389,75.29,94,20,5.75,mist,Beira Terrace Hotel
456,456,Mpophomeni,ZA,-29.5682,30.1862,66.02,77,89,3.53,overcast clouds,Merci Dieu
457,457,Doka,SD,13.5167,35.7667,81.88,57,3,7.16,clear sky,ŸÖŸÜÿµŸàÿ± ÿπÿ´ŸÖÿßŸÜ
458,458,Santa Isabel Do Rio Negro,BR,-0.4139,-65.0192,71.91,98,100,2.33,moderate rain,Hotel GSA
459,459,Ponta Delgada,PT,37.7333,-25.6667,68.72,60,20,21.85,few clouds,Vila Nova Hotel
460,460,Kumta,IN,14.4167,74.4,84.56,70,89,1.28,overcast clouds,Hotel Vaibhav Palace
462,462,Elizabeth City,US,36.2946,-76.2511,68.02,76,75,13.8,broken clouds,Hampton Inn Elizabeth City
463,463,Makokou,GA,0.5738,12.8642,68.94,90,53,0.87,broken clouds,H√¥tel Arizona
466,466,Chlorakas,CY,34.8042,32.4083,68.88,68,20,6.91,few clouds,Elysium Hotel
467,467,Sabha,LY,27.0377,14.4283,67.06,48,5,9.62,clear sky,ŸÖÿ≠ÿ∑ÿ© ÿßŸÖ ÿßŸÑÿßÿ±ÿßŸÜÿ® -ÿ≥ÿ®Ÿáÿß ŸÖŸàÿßÿµŸÑÿßÿ™
468,468,Mafinga,TZ,-7.25,35.0667,75.9,41,24,5.75,few clouds,
469,469,Gazanjyk,TM,39.2446,55.5154,71.83,35,94,3.11,overcast clouds,Railway motel
470,470,Hobyo,SO,5.3505,48.5268,81.27,71,9,10.11,light rain,Halane Hotel and Restaurent
472,472,Clarence Town,AU,-32.5833,151.7833,68.99,90,73,4.65,broken clouds,River Downs Cottage
473,473,Goiatuba,BR,-18.0125,-49.3547,71.02,41,7,5.3,clear sky,Hotel Barrocos
475,475,Machinga,MW,-15.1685,35.3,77.45,43,4,5.99,clear sky,
476,476,Yarada,IN,17.65,83.2667,84.52,79,75,5.75,mist,Yarada Jungle Beach Resorts
477,477,Macau,MO,22.2006,113.5461,84.0,54,20,25.32,few clouds,Grand Emperor Hotel Macau
478,478,Bengkulu,ID,-3.8004,102.2655,81.86,73,97,7.05,light rain,Grage Hotel Bengkulu
479,479,Namikupa,TZ,-10.8333,39.6,78.55,54,83,4.41,broken clouds,
480,480,Gwadar,PK,25.1216,62.3254,83.98,47,1,5.75,clear sky,Sadaf Resort
481,481,Bohicon,BJ,7.1783,2.0667,72.68,92,93,2.46,overcast clouds,H√¥tel La Majest√©
482,482,Manta,EC,-0.95,-80.7333,71.38,83,100,8.05,overcast clouds,Balandra Hotel
486,486,Mana,GF,5.6592,-53.7767,77.47,87,90,6.26,overcast clouds,LE SAMANA
495,495,Douentza,ML,14.9951,-2.9517,82.11,42,18,2.8,few clouds,Ogomono Doumbo
498,498,Banfora,BF,10.6333,-4.7667,72.3,82,29,0.65,scattered clouds,Residences David Hebi√©
501,501,Campoverde,PE,-8.4753,-74.8058,70.5,96,69,1.92,moderate rain,Hospedaje Coral's
502,502,Curepipe,MU,-20.3147,57.5203,67.48,73,51,11.74,light rain,BR Apartment & Studios
504,504,Port Blair,IN,11.6667,92.75,78.84,89,75,8.05,broken clouds,"Welcomhotel By ITC Hotels, Bay Island, Port Blair"
507,507,Bozoum,CF,6.3193,16.3799,70.12,94,99,0.83,overcast clouds,
509,509,Kutum,SD,14.2,24.6667,73.94,21,51,15.55,broken clouds,Dibbo areaŸÖŸÜÿ∑ŸÇÿ© ÿØÿ®Ÿà
510,510,Harer,ET,9.3094,42.1258,68.58,48,14,2.86,few clouds,Amir Cultural Harari Guesthouse
512,512,Canto Do Buriti,BR,-8.11,-42.9444,77.56,44,0,11.32,clear sky,Novo Hotel
513,513,Sarh,TD,9.1429,18.3923,73.31,88,0,5.75,clear sky,Caisse Nationale des Pr√©voyance Sociale
514,514,Juba,SS,4.8517,31.5825,74.73,79,100,3.85,overcast clouds,ROYAL PALACE HOTEL - JUBA
516,516,Ewo,CG,-0.8725,14.8206,73.62,89,98,3.06,overcast clouds,Residence Elonda Ewo
518,518,Alta Floresta,BR,-9.8756,-56.0861,71.1,85,90,3.53,overcast clouds,Floresta Amazonica Hotel
521,521,Picayune,US,30.5255,-89.6795,70.79,82,38,0.47,scattered clouds,Holiday Inn Express & Suites Picayune
522,522,Kahta,TR,37.7855,38.6237,69.17,49,40,3.44,scattered clouds,Kommageneƒ∞Z Hotel
526,526,Paracuru,BR,-3.41,-39.0306,80.11,80,30,16.6,scattered clouds,Hotel Vento Brasil
527,527,Kourou,GF,5.1552,-52.6478,73.45,89,88,4.21,overcast clouds,Lodge TAKINI4 Guesthouse KOUROU FGU
528,528,Lusambo,CD,-4.9667,23.45,72.59,79,85,2.42,overcast clouds,
533,533,Riyadh,SA,24.6877,46.7219,77.14,14,5,8.03,clear sky,"InterContinental Riyadh, an IHG Hotel"
538,538,Kasur,PK,31.1156,74.4467,86.11,16,0,4.52,clear sky,Qudrat ullah khan
540,540,Barra Patuca,HN,15.8,-84.2833,78.55,85,50,6.51,scattered clouds,
541,541,Bafoulabe,ML,13.8065,-10.8321,76.05,68,68,3.44,broken clouds,Logement du Charg√© SIS Abdoul Karim Konat√©
542,542,Mapiripan,CO,2.8892,-72.1256,69.3,95,80,3.36,broken clouds,Monserrate
544,544,Destin,US,30.3935,-86.4958,78.8,91,0,0.0,clear sky,Wingate by Wyndham Destin
545,545,Sitio Novo Do Tocantins,BR,-5.5183,-47.4611,76.93,83,0,0.0,clear sky,Imperial Hotel
547,547,Karaton,ID,-6.3424,106.1045,83.73,68,100,0.45,overcast clouds,Parkir Mobil Wisata CAS Water Park
548,548,Thinadhoo,MV,0.5333,72.9333,81.19,69,100,12.08,overcast clouds,
549,549,Milledgeville,US,33.0801,-83.2321,67.1,78,0,0.0,clear sky,Hampton Inn Milledgeville
552,552,Meulaboh,ID,4.1363,96.1285,84.79,62,97,5.01,overcast clouds,Kost Pria
554,554,Maun,BW,-19.9833,23.4167,78.3,33,98,10.16,overcast clouds,Enviro Villa
555,555,Iquitos,PE,-3.7481,-73.2472,73.44,100,75,1.14,broken clouds,Cortez Malaga Techy Caroly
556,556,Ampanihy,MG,-24.7,44.75,81.52,43,0,4.0,clear sky,HOTEL SHARRON AMPANIHY OUEST
557,557,Bumba,CD,2.1833,22.4667,70.11,93,75,2.91,broken clouds,P√®re Carlos
559,559,Richards Bay,ZA,-28.783,32.0377,74.77,59,64,10.47,broken clouds,BON Hotel Waterfront Richards Bay
562,562,Nurota,UZ,40.5614,65.6886,70.09,30,67,11.43,broken clouds,Guest House Ruslan Nurata & Tours
563,563,Buraydah,SA,26.326,43.975,72.05,13,2,11.9,clear sky,M√∂venpick Qassim
566,566,Yining,CN,29.0361,114.5636,78.85,34,10,11.14,clear sky,Xiushui Hotel
567,567,Matara,LK,5.9485,80.5353,78.76,83,99,10.63,overcast clouds,Amaloh Boutique Resort
570,570,Dunmore Town,BS,25.5,-76.65,80.74,64,0,15.9,clear sky,Coral Sands Hotel
571,571,Maxcanu,MX,20.5833,-89.9833,75.52,92,80,3.58,broken clouds,Albergue Comunitario San Miguel Arcangel
573,573,Olinda,BR,-8.0089,-34.8553,76.73,78,20,8.05,few clouds,Flat Quatro Rodas Olinda
574,574,Fernandina Beach,US,30.6697,-81.4626,74.98,89,0,4.61,clear sky,Hampton Inn Amelia Island at Fernandina Beach
575,575,Pascagoula,US,30.3658,-88.5561,69.85,96,20,0.0,few clouds,Regency Inn
576,576,Rock Sound,BS,24.9,-76.2,80.92,66,0,16.84,clear sky,Pink Corral Bay Property
577,577,Lamu,KE,-2.2717,40.902,80.82,75,43,10.04,light rain,Lamu House
578,578,Chiquimula,GT,14.8,-89.55,71.8,95,100,1.45,overcast clouds,Grand Caporal Hotel
583,583,Bhakkar,PK,31.6253,71.0657,89.11,12,0,3.89,clear sky,Gorcha Nashaib
588,588,Praia,CV,14.9215,-23.5087,75.74,83,40,13.8,scattered clouds,LT Aparthotel
589,589,Nioro,GM,13.35,-15.75,75.36,90,89,2.91,overcast clouds,
591,591,Luanda,AO,-8.8368,13.2343,75.72,80,75,8.08,broken clouds,EPIC SANA Luanda
592,592,Umm Lajj,SA,25.0213,37.2685,85.75,46,77,2.48,broken clouds,Moon light Furnished Units
594,594,Sambava,MG,-14.2667,50.1667,75.45,59,7,9.98,clear sky,Melrose
595,595,Zaraza,VE,9.3503,-65.3245,73.92,93,98,2.35,overcast clouds,Hotel Zaraza
596,596,Bodden Town,KY,19.2833,-81.25,81.93,84,2,7.49,clear sky,Will T Place
601,601,Pimenta Bueno,BR,-11.6725,-61.1936,70.07,96,89,1.9,overcast clouds,Cristalina Palace Hotel
604,604,Ajdabiya,LY,30.7554,20.2263,66.87,65,1,7.87,clear sky,ŸÖŸÜÿ≤ŸÑÿ© ÿßŸÑÿ≠ÿßÿ¨ ÿ≥ÿßŸÑŸÖ ÿÆŸÑŸäŸÅÿ© ÿßŸÑÿπŸäÿ≥ÿßŸàŸäŸá ÿßŸÑÿ≤ŸàÿßŸàŸä
605,605,De Aar,ZA,-30.6497,24.0123,66.65,54,91,8.95,overcast clouds,Nyibiba Guesthouse
606,606,Kindu,CD,-2.95,25.95,72.41,81,100,2.55,overcast clouds,R√©sidence Okanda
608,608,Araouane,ML,18.9048,-3.5265,82.35,10,79,10.07,broken clouds,
609,609,Idlib,SY,35.9306,36.6339,73.2,38,36,5.35,scattered clouds,ŸÖÿ±ŸÉÿ≤ ÿ™ÿ≥ŸäŸÑ ŸÑŸÑÿ™ÿ¨ŸÖŸäŸÑ
610,610,Matam,SN,15.6175,-13.3303,84.43,56,63,7.63,broken clouds,Hotel Beelel Jeeri
611,611,Harper,LR,4.375,-7.7169,75.76,86,77,2.57,broken clouds,Screensaver
612,612,Machico,PT,32.7,-16.7667,70.72,76,20,8.05,few clouds,Dom Pedro Madeira Hotel
614,614,Dakar,SN,14.6937,-17.4441,79.68,72,43,12.28,scattered clouds,Novotel Dakar
618,618,Rameswaram,IN,9.2833,79.3,81.7,79,72,20.27,broken clouds,Daiwik Hotels Rameswaram
620,620,Kissidougou,GN,9.1848,-10.0999,67.17,99,100,1.1,overcast clouds,H√¥tel Mantis
621,621,Pitimbu,BR,-7.4706,-34.8086,73.99,82,80,10.16,broken clouds,Reserva do Abia√≠
622,622,Estelle,US,29.8458,-90.1067,75.2,86,0,3.44,clear sky,Ohio
626,626,Kambove,CD,-10.8764,26.5969,73.89,49,23,2.82,few clouds,Pat. Mukendi
628,628,Bonthe,SL,7.5264,-12.505,74.59,92,96,4.63,moderate rain,Bonthe Holiday Village
630,630,San Pedro,PH,14.35,121.0167,83.43,81,100,12.66,light intensity shower rain,Palines Apartment and Guesthouse
631,631,Tukrah,LY,32.5341,20.5791,70.23,62,53,21.03,broken clouds,Lagrota restaurant
634,634,Inirida,CO,3.8653,-67.9239,70.25,97,92,2.08,overcast clouds,Fuente del Guania Hotel de Lujo
635,635,Merritt Island,US,28.5392,-80.672,78.1,80,26,7.34,scattered clouds,
636,636,Benoy,TD,8.9833,16.3199,73.9,84,98,4.32,overcast clouds,
638,638,Kuntaur,GM,13.6667,-14.8833,76.37,86,88,3.85,overcast clouds,Kairoh Garden Kuntaur
640,640,Kinshasa,CD,-4.3246,15.3215,79.12,78,40,6.91,light rain,Star Hotel II
643,643,Santa Marta,CO,11.2408,-74.199,81.9,81,20,4.61,few clouds,Hotel La Ballena Azul
649,649,Maceio,BR,-9.6658,-35.7353,72.84,94,40,2.3,scattered clouds,Hotel Ponta Verde Macei√≥
651,651,Miraflores,MX,19.2167,-98.8083,65.03,80,77,1.48,light rain,Hotel Mansi√≥n
653,653,Serramanna,IT,39.4244,8.9244,65.62,88,0,4.61,clear sky,Polly
655,655,Aksu,CN,41.1231,80.2644,66.76,14,8,1.74,clear sky,Pudong Holiday Hotel
656,656,Menongue,AO,-14.6585,17.691,65.73,75,100,1.79,overcast clouds,Ritz Lauca
657,657,Mweka,CD,-4.85,21.5667,71.2,87,94,1.54,overcast clouds,Guest House Boshab
658,658,Antalaha,MG,-14.9003,50.2788,77.25,52,0,7.36,clear sky,Hotel Vitasoa
659,659,Libourne,FR,44.9167,-0.25,66.7,87,100,4.7,overcast clouds,H√¥tel Mercure Libourne Saint-√âmilion
663,663,Puerto Ayacucho,VE,5.6639,-67.6236,73.04,95,99,3.74,overcast clouds,Posada Turistica Manapiare
669,669,Santiago Del Estero,AR,-27.7951,-64.2615,71.67,44,100,9.53,light rain,Apartamentos Castelli 90
670,670,Kilindoni,TZ,-7.9139,39.6668,77.32,72,75,8.99,broken clouds,Bustani B&B
672,672,Mahanoro,MG,-19.9,48.8,76.28,58,3,4.18,clear sky,BUNGALOW MAHAMANINA
673,673,Kulhudhuffushi,MV,6.6221,73.07,80.11,84,100,20.92,light rain,Haajy Guest House 1
674,674,Dona Ines,BR,-6.6167,-35.6333,65.21,96,82,8.23,broken clouds,Balne√°rio dona In√™s
677,677,Bam,IR,29.106,58.357,83.57,9,0,11.59,clear sky,Bam Tourist Hotel
681,681,Malanje,AO,-9.5402,16.341,66.96,81,22,5.82,few clouds,Hotel Ginga
682,682,Kwekwe,ZW,-18.9281,29.8149,74.07,40,37,10.04,scattered clouds,"Golden Mile Hotel, Kwekwe"
683,683,Sinazongwe,ZM,-17.2614,27.4618,82.51,42,36,17.2,scattered clouds,Lakeview Lodge
684,684,Sal Rei,CV,16.1833,-22.9167,76.86,73,78,11.39,broken clouds,Marine Club Beach Resort
687,687,Mgandu,TZ,-5.95,34.1333,70.59,50,72,10.51,broken clouds,
690,690,Pedernales,DO,18.0384,-71.744,79.27,76,6,3.04,light rain,Hotel Costa Marina
691,691,Perigueux,FR,45.1833,0.7167,66.99,85,88,6.17,overcast clouds,H√¥tel Mercure P√©rigueux Centre
692,692,Dharchula,IN,29.85,80.5333,75.43,43,0,5.77,clear sky,Mahara Hotel
694,694,Neka,IR,36.6508,53.299,72.91,78,75,2.3,broken clouds,⁄ØÿßŸÑÿ±€å ⁄ØŸÑ ŸàŸÜÿØÿß
698,698,Colares,PT,38.7992,-9.4469,67.33,90,54,11.99,broken clouds,Arribas Sintra Hotel
701,701,Dalkola,IN,25.85,87.85,84.85,57,1,6.87,clear sky,Hotel Oasis Palace
702,702,Acarau,BR,-2.8856,-40.12,78.03,81,27,17.56,scattered clouds,castelo pizzaria
